,id,season,city,team1,team2,toss_winner,toss_decision,result,dl_applied,winner,win_by_runs,win_by_wickets,venue
0,1,2017,Hyderabad,14,13,13,1,normal,0,14,35,0,28
1,2,2017,Pune,8,11,11,1,normal,0,11,0,7,21
2,3,2017,Rajkot,4,7,7,1,normal,0,7,0,10,31
3,4,2017,Indore,11,5,5,1,normal,0,5,0,6,13
4,5,2017,Bangalore,13,3,13,0,normal,0,13,15,0,17
5,6,2017,Hyderabad,4,14,14,1,normal,0,14,0,9,28
6,7,2017,Mumbai,7,8,8,1,normal,0,8,0,4,40
7,8,2017,Indore,13,5,13,0,normal,0,5,0,8,13
8,9,2017,Pune,3,11,11,1,normal,0,3,97,0,21
9,10,2017,Mumbai,14,8,8,1,normal,0,8,0,4,40
10,11,2017,Kolkata,5,7,7,1,normal,0,7,0,8,8
11,12,2017,Bangalore,13,8,8,1,normal,0,8,0,4,17
12,13,2017,Rajkot,11,4,4,1,normal,0,4,0,7,31
13,14,2017,Kolkata,7,14,14,1,normal,0,7,17,0,8
14,15,2017,Delhi,3,5,3,0,normal,0,3,51,0,9
15,16,2017,Mumbai,4,8,8,1,normal,0,8,0,6,40
16,17,2017,Bangalore,11,13,13,1,normal,0,11,27,0,17
17,18,2017,Delhi,3,7,3,0,normal,0,7,0,4,9
18,19,2017,Hyderabad,14,5,5,1,normal,0,14,5,0,28
19,20,2017,Rajkot,13,4,4,1,normal,0,13,21,0,31
20,21,2017,Hyderabad,14,3,14,0,normal,0,14,15,0,28
21,22,2017,Indore,5,8,8,1,normal,0,8,0,8,13
22,23,2017,Kolkata,7,4,4,1,normal,0,4,0,4,8
23,24,2017,Mumbai,8,3,3,1,normal,0,8,14,0,40
24,25,2017,Pune,14,11,11,1,normal,0,11,0,6,21
25,26,2017,Rajkot,5,4,4,1,normal,0,5,26,0,31
26,27,2017,Kolkata,7,13,13,1,normal,0,7,82,0,8
27,28,2017,Mumbai,11,8,8,1,normal,0,11,3,0,40
28,29,2017,Pune,11,7,7,1,normal,0,7,0,7,21
29,30,2017,Bangalore,13,4,4,1,normal,0,4,0,7,17
30,31,2017,Kolkata,3,7,7,1,normal,0,7,0,7,8
31,32,2017,Chandigarh,14,5,5,1,normal,0,14,26,0,26
32,33,2017,Pune,11,13,13,1,normal,0,11,61,0,21
33,34,2017,Rajkot,4,8,4,0,tie,0,8,0,0,31
34,35,2017,Chandigarh,3,5,5,1,normal,0,5,0,10,26
35,36,2017,Hyderabad,14,7,7,1,normal,0,14,48,0,28
36,37,2017,Mumbai,13,8,13,0,normal,0,8,0,5,40
37,38,2017,Pune,4,11,11,1,normal,0,11,0,5,21
38,39,2017,Delhi,14,3,3,1,normal,0,3,0,6,9
39,40,2017,Kolkata,7,11,11,1,normal,0,11,0,4,8
40,41,2017,Delhi,4,3,3,1,normal,0,3,0,7,9
41,42,2017,Bangalore,5,13,13,1,normal,0,5,19,0,17
42,43,2017,Hyderabad,11,14,14,1,normal,0,11,12,0,28
43,44,2017,Delhi,8,3,3,1,normal,0,8,146,0,9
44,45,2017,Bangalore,13,7,7,1,normal,0,7,0,6,17
45,46,2017,Chandigarh,5,4,4,1,normal,0,4,0,6,26
46,47,2017,Hyderabad,8,14,8,0,normal,0,14,0,7,28
47,48,2017,Chandigarh,5,7,7,1,normal,0,5,14,0,26
48,49,2017,Kanpur,4,3,3,1,normal,0,3,0,2,11
49,50,2017,Mumbai,5,8,8,1,normal,0,5,7,0,40
50,51,2017,Delhi,3,11,3,0,normal,0,3,7,0,9
51,52,2017,Kanpur,4,14,14,1,normal,0,14,0,8,11
52,53,2017,Kolkata,8,7,7,1,normal,0,8,9,0,8
53,54,2017,Pune,5,11,11,1,normal,0,11,0,9,21
54,55,2017,Delhi,13,3,13,0,normal,0,13,10,0,9
55,56,2017,Mumbai,11,8,8,1,normal,0,11,20,0,40
56,57,2017,Bangalore,14,7,7,1,normal,1,7,0,7,17
57,58,2017,Bangalore,7,8,8,1,normal,0,8,0,6,17
58,59,2017,Hyderabad,8,11,8,0,normal,0,8,1,0,28
59,60,2008,Bangalore,7,13,13,1,normal,0,7,140,0,17
60,61,2008,Chandigarh,0,5,0,0,normal,0,0,33,0,27
61,62,2008,Delhi,10,3,10,0,normal,0,3,0,9,9
62,63,2008,Mumbai,8,13,8,0,normal,0,13,0,5,40
63,64,2008,Kolkata,1,7,1,0,normal,0,7,0,5,8
64,65,2008,Jaipur,5,10,5,0,normal,0,10,0,6,32
65,66,2008,Hyderabad,1,3,1,0,normal,0,3,0,9,28
66,67,2008,Chennai,0,8,8,1,normal,0,0,6,0,20
67,68,2008,Hyderabad,1,10,10,1,normal,0,10,0,3,28
68,69,2008,Chandigarh,5,8,8,1,normal,0,5,66,0,27
69,70,2008,Bangalore,13,10,10,1,normal,0,10,0,7,17
70,71,2008,Chennai,7,0,7,0,normal,0,0,0,9,20
71,72,2008,Mumbai,8,1,1,1,normal,0,1,0,10,5
72,73,2008,Chandigarh,3,5,3,0,normal,0,5,0,4,27
73,74,2008,Bangalore,0,13,0,0,normal,0,0,13,0,17
74,75,2008,Kolkata,7,8,7,0,normal,0,8,0,7,8
75,76,2008,Delhi,3,13,13,1,normal,0,3,10,0,9
76,77,2008,Hyderabad,1,5,5,1,normal,0,5,0,7,28
77,78,2008,Jaipur,10,7,10,0,normal,0,10,45,0,32
78,79,2008,Chennai,0,3,0,0,normal,0,3,0,8,20
79,80,2008,Hyderabad,1,13,1,0,normal,0,13,0,5,28
80,81,2008,Chandigarh,5,7,5,0,normal,0,5,9,0,27
81,82,2008,Mumbai,8,3,3,1,normal,0,8,29,0,5
82,83,2008,Jaipur,0,10,0,0,normal,0,10,0,8,32
83,84,2008,Bangalore,13,5,5,1,normal,0,5,0,6,17
84,85,2008,Chennai,0,1,1,1,normal,0,1,0,7,20
85,86,2008,Mumbai,10,8,8,1,normal,0,8,0,7,5
86,87,2008,Delhi,3,0,0,1,normal,0,0,0,4,9
87,88,2008,Kolkata,7,13,7,0,normal,0,7,5,0,8
88,89,2008,Jaipur,1,10,10,1,normal,0,10,0,8,32
89,90,2008,Bangalore,13,8,8,1,normal,0,8,0,9,17
90,91,2008,Chennai,0,5,5,1,normal,0,0,18,0,20
91,92,2008,Hyderabad,7,1,7,0,normal,0,7,23,0,28
92,93,2008,Jaipur,3,10,10,1,normal,0,10,0,3,32
93,94,2008,Chandigarh,13,5,13,0,normal,0,5,0,9,27
94,95,2008,Kolkata,7,3,7,0,normal,0,7,23,0,8
95,96,2008,Mumbai,0,8,8,1,normal,0,8,0,9,40
96,97,2008,Chandigarh,5,10,10,1,normal,0,5,41,0,27
97,98,2008,Delhi,3,1,1,1,normal,0,3,12,0,9
98,99,2008,Mumbai,7,8,8,1,normal,0,8,0,8,40
99,100,2008,Delhi,3,5,3,0,normal,1,5,6,0,9
100,101,2008,Jaipur,10,13,13,1,normal,0,10,65,0,32
101,102,2008,Hyderabad,8,1,1,1,normal,0,8,25,0,28
102,103,2008,Kolkata,7,0,7,0,normal,1,0,3,0,8
103,104,2008,Bangalore,13,3,3,1,normal,0,3,0,5,17
104,105,2008,Kolkata,7,10,10,1,normal,0,10,0,6,8
105,106,2008,Mumbai,5,8,8,1,normal,0,5,1,0,40
106,107,2008,Chennai,13,0,13,0,normal,0,13,14,0,20
107,108,2008,Chandigarh,1,5,5,1,normal,0,5,0,6,27
108,109,2008,Delhi,8,3,3,1,normal,0,3,0,5,9
109,110,2008,Chennai,10,0,10,0,normal,0,10,10,0,20
110,111,2008,Bangalore,13,1,1,1,normal,0,13,3,0,17
111,112,2008,Kolkata,5,7,5,0,normal,0,7,0,3,8
112,113,2008,Jaipur,8,10,10,1,normal,0,10,0,5,32
113,114,2008,Hyderabad,1,0,1,0,normal,0,0,0,7,28
114,115,2008,Mumbai,10,3,3,1,normal,0,10,105,0,40
115,116,2008,Mumbai,5,0,5,0,normal,0,0,0,9,40
116,117,2008,Mumbai,0,10,10,1,normal,0,10,0,3,5
117,118,2009,Cape Town,8,0,0,1,normal,0,8,19,0,24
118,119,2009,Cape Town,13,10,13,0,normal,0,13,75,0,24
119,120,2009,Cape Town,5,3,3,1,normal,1,3,0,10,24
120,121,2009,Cape Town,7,1,7,0,normal,0,1,0,8,24
121,122,2009,Port Elizabeth,0,13,0,0,normal,0,0,92,0,36
122,123,2009,Durban,5,7,7,1,normal,1,7,11,0,16
123,124,2009,Cape Town,1,13,1,0,normal,0,1,24,0,24
124,125,2009,Durban,3,0,3,0,normal,0,3,9,0,16
125,126,2009,Cape Town,10,7,7,1,tie,0,10,0,0,24
126,127,2009,Durban,13,5,13,0,normal,0,5,0,7,16
127,128,2009,Durban,1,8,1,0,normal,0,1,12,0,16
128,129,2009,Port Elizabeth,13,3,13,0,normal,0,3,0,6,36
129,130,2009,Cape Town,5,10,5,0,normal,0,5,27,0,24
130,131,2009,Durban,0,1,1,1,normal,0,1,0,6,16
131,132,2009,Port Elizabeth,8,7,8,0,normal,0,8,92,0,36
132,133,2009,Centurion,3,10,3,0,normal,0,10,0,5,38
133,134,2009,Durban,7,13,7,0,normal,0,13,0,5,16
134,135,2009,Durban,5,8,5,0,normal,0,5,3,0,16
135,136,2009,Centurion,1,3,3,1,normal,0,3,0,6,38
136,137,2009,Centurion,0,10,10,1,normal,0,0,38,0,38
137,138,2009,East London,8,7,8,0,normal,0,8,9,0,3
138,139,2009,Durban,13,5,13,0,normal,0,13,8,0,16
139,140,2009,Port Elizabeth,1,10,1,0,normal,0,10,0,3,36
140,141,2009,Johannesburg,0,3,3,1,normal,0,0,18,0,23
141,142,2009,Port Elizabeth,7,5,7,0,normal,0,5,0,6,36
142,143,2009,Johannesburg,8,13,8,0,normal,0,13,0,9,23
143,144,2009,East London,0,1,0,0,normal,0,0,78,0,3
144,145,2009,Durban,10,5,5,1,normal,0,10,78,0,16
145,146,2009,Durban,7,3,7,0,normal,0,3,0,9,16
146,147,2009,Centurion,1,8,1,0,normal,0,1,19,0,38
147,148,2009,Centurion,13,10,10,1,normal,0,10,0,7,38
148,149,2009,Centurion,0,5,0,0,normal,1,0,12,0,38
149,150,2009,East London,8,3,8,0,normal,0,3,0,7,3
150,151,2009,Kimberley,1,5,5,1,normal,0,5,0,3,4
151,152,2009,Kimberley,10,0,10,0,normal,0,0,0,7,4
152,153,2009,Port Elizabeth,8,13,8,0,normal,0,8,16,0,36
153,154,2009,Johannesburg,7,3,3,1,normal,0,3,0,7,23
154,155,2009,Kimberley,1,10,1,0,normal,0,1,53,0,4
155,156,2009,Centurion,7,13,13,1,normal,0,13,0,6,38
156,157,2009,Centurion,5,8,5,0,normal,0,8,0,8,38
157,158,2009,Durban,3,1,1,1,normal,0,3,12,0,16
158,159,2009,Durban,0,13,0,0,normal,0,13,0,2,16
159,160,2009,Durban,10,8,10,0,normal,0,10,2,0,16
160,161,2009,Bloemfontein,3,5,5,1,normal,0,5,0,6,25
161,162,2009,Port Elizabeth,8,0,8,0,normal,0,0,0,7,36
162,163,2009,Johannesburg,7,1,1,1,normal,0,1,0,6,23
163,164,2009,Johannesburg,5,1,1,1,normal,0,5,1,0,23
164,165,2009,Bloemfontein,3,10,3,0,normal,0,3,14,0,25
165,166,2009,Centurion,0,7,0,0,normal,0,7,0,7,38
166,167,2009,Johannesburg,3,13,3,0,normal,0,13,0,7,23
167,168,2009,Durban,10,7,7,1,normal,0,7,0,4,16
168,169,2009,Durban,0,5,0,0,normal,0,0,24,0,16
169,170,2009,Centurion,8,3,3,1,normal,0,3,0,4,38
170,171,2009,Centurion,13,1,13,0,normal,0,13,12,0,38
171,172,2009,Centurion,3,1,1,1,normal,0,1,0,6,38
172,173,2009,Johannesburg,0,13,13,1,normal,0,13,0,6,23
173,174,2009,Johannesburg,1,13,13,1,normal,0,1,6,0,23
174,175,2010,Mumbai,7,1,1,1,normal,0,7,11,0,5
175,176,2010,Mumbai,8,10,8,0,normal,0,8,4,0,2
176,177,2010,Chandigarh,5,3,3,1,normal,0,3,0,5,27
177,178,2010,Kolkata,13,7,7,1,normal,0,7,0,7,8
178,179,2010,Chennai,1,0,1,0,normal,0,1,31,0,20
179,180,2010,Ahmedabad,10,3,3,1,normal,0,3,0,6,30
180,181,2010,Bangalore,5,13,5,0,normal,0,13,0,8,17
181,182,2010,Kolkata,0,7,0,0,normal,0,0,55,0,8
182,183,2010,Delhi,8,3,3,1,normal,0,8,98,0,9
183,184,2010,Bangalore,10,13,13,1,normal,0,13,0,10,17
184,185,2010,Delhi,3,0,3,0,normal,0,0,0,5,9
185,186,2010,Cuttack,1,5,5,1,normal,0,1,6,0,1
186,187,2010,Ahmedabad,10,7,10,0,normal,0,10,34,0,30
187,188,2010,Mumbai,8,13,8,0,normal,0,13,0,7,2
188,189,2010,Cuttack,1,3,1,0,normal,0,1,10,0,1
189,190,2010,Chennai,5,0,0,1,tie,0,5,0,0,20
190,191,2010,Mumbai,7,8,7,0,normal,0,8,0,7,2
191,192,2010,Bangalore,13,0,0,1,normal,0,13,36,0,17
192,193,2010,Chandigarh,10,5,5,1,normal,0,10,31,0,27
193,194,2010,Mumbai,0,8,8,1,normal,0,8,0,5,2
194,195,2010,Ahmedabad,1,10,1,0,normal,0,10,0,8,30
195,196,2010,Chandigarh,7,5,7,0,normal,0,7,39,0,27
196,197,2010,Bangalore,3,13,13,1,normal,0,3,17,0,17
197,198,2010,Ahmedabad,10,0,10,0,normal,0,10,17,0,30
198,199,2010,Mumbai,8,1,1,1,normal,0,8,41,0,5
199,200,2010,Delhi,3,7,3,0,normal,0,3,40,0,9
200,201,2010,Mumbai,5,8,8,1,normal,0,8,0,4,2
201,202,2010,Chennai,13,0,13,0,normal,0,0,0,5,20
202,203,2010,Delhi,3,10,3,0,normal,0,3,67,0,9
203,204,2010,Kolkata,7,1,7,0,normal,0,7,24,0,8
204,205,2010,Chandigarh,5,13,5,0,normal,0,13,0,6,27
205,206,2010,Chennai,0,10,0,0,normal,0,0,23,0,20
206,207,2010,Mumbai,8,1,8,0,normal,0,8,63,0,2
207,208,2010,Kolkata,7,5,7,0,normal,0,5,0,8,8
208,209,2010,Delhi,3,13,3,0,normal,0,3,37,0,9
209,210,2010,Nagpur,10,1,10,0,normal,0,10,2,0,39
210,211,2010,Chennai,0,8,0,0,normal,0,0,24,0,20
211,212,2010,Jaipur,5,10,5,0,normal,0,10,0,9,32
212,213,2010,Kolkata,7,3,7,0,normal,0,7,14,0,8
213,214,2010,Bangalore,13,1,1,1,normal,0,1,0,7,17
214,215,2010,Chandigarh,8,5,8,0,normal,0,5,0,6,27
215,216,2010,Nagpur,0,1,0,0,normal,0,1,0,6,39
216,217,2010,Bangalore,7,13,13,1,normal,0,13,0,7,17
217,218,2010,Delhi,3,5,3,0,normal,0,5,0,7,9
218,219,2010,Jaipur,8,10,10,1,normal,0,8,37,0,32
219,220,2010,Nagpur,1,13,13,1,normal,0,1,13,0,39
220,221,2010,Mumbai,8,3,8,0,normal,0,8,39,0,2
221,222,2010,Chennai,7,0,7,0,normal,0,0,0,9,20
222,223,2010,Jaipur,10,13,10,0,normal,0,13,0,5,32
223,224,2010,Chennai,0,3,0,0,normal,0,3,0,6,20
224,225,2010,Dharamsala,5,1,1,1,normal,0,1,0,5,12
225,226,2010,Bangalore,8,13,13,1,normal,0,8,57,0,17
226,227,2010,Kolkata,10,7,10,0,normal,0,7,0,8,8
227,228,2010,Dharamsala,5,0,0,1,normal,0,0,0,6,12
228,229,2010,Delhi,1,3,1,0,normal,0,1,11,0,9
229,230,2010,Kolkata,8,7,8,0,normal,0,7,0,9,8
230,231,2010,Mumbai,8,13,8,0,normal,0,8,35,0,5
231,232,2010,Mumbai,0,1,0,0,normal,0,0,38,0,5
232,233,2010,Mumbai,1,13,1,0,normal,0,13,0,9,5
233,234,2010,Mumbai,0,8,0,0,normal,0,0,22,0,5
234,235,2011,Chennai,0,7,0,0,normal,0,0,2,0,20
235,236,2011,Hyderabad,1,10,10,1,normal,0,10,0,8,28
236,237,2011,Kochi,6,13,6,0,normal,0,13,0,6,22
237,238,2011,Delhi,3,8,3,0,normal,0,8,0,8,9
238,239,2011,Mumbai,5,9,5,0,normal,0,9,0,7,5
239,240,2011,Kolkata,7,1,7,0,normal,0,7,9,0,8
240,241,2011,Jaipur,3,10,3,0,normal,0,10,0,6,32
241,242,2011,Bangalore,13,8,8,1,normal,0,8,0,9,17
242,243,2011,Chandigarh,0,5,5,1,normal,0,5,0,6,27
243,244,2011,Mumbai,6,9,6,0,normal,0,9,0,4,5
244,245,2011,Hyderabad,1,13,13,1,normal,0,1,33,0,28
245,246,2011,Jaipur,10,7,7,1,normal,0,7,0,9,32
246,247,2011,Mumbai,8,6,6,1,normal,0,6,0,8,40
247,248,2011,Chennai,0,13,0,0,normal,0,0,21,0,20
248,249,2011,Hyderabad,1,5,5,1,normal,0,5,0,8,28
249,250,2011,Mumbai,9,3,3,1,normal,0,3,0,3,5
250,251,2011,Kolkata,10,7,7,1,normal,0,7,0,8,8
251,252,2011,Kochi,0,6,6,1,normal,1,6,0,7,22
252,253,2011,Delhi,1,3,1,0,normal,0,1,16,0,9
253,254,2011,Mumbai,9,8,9,0,normal,0,8,0,7,40
254,255,2011,Kolkata,6,7,7,1,normal,0,6,6,0,8
255,256,2011,Chandigarh,5,10,10,1,normal,0,5,48,0,27
256,257,2011,Mumbai,8,0,0,1,normal,0,8,8,0,40
257,258,2011,Kolkata,7,13,13,1,normal,0,13,0,9,8
258,259,2011,Delhi,3,5,5,1,normal,0,3,29,0,9
259,260,2011,Hyderabad,8,1,1,1,normal,0,8,37,0,28
260,261,2011,Jaipur,6,10,10,1,normal,0,10,0,8,32
261,262,2011,Chennai,0,9,9,1,normal,0,0,25,0,20
262,263,2011,Delhi,3,13,13,1,normal,0,13,0,3,9
263,264,2011,Mumbai,9,0,9,0,normal,0,0,0,8,5
264,265,2011,Kochi,1,6,6,1,normal,0,1,55,0,22
265,266,2011,Delhi,7,3,3,1,normal,0,7,17,0,9
266,267,2011,Jaipur,8,10,10,1,normal,0,10,0,7,32
267,268,2011,Bangalore,13,9,9,1,normal,0,13,26,0,17
268,269,2011,Kochi,3,6,3,0,normal,0,3,38,0,22
269,270,2011,Kolkata,5,7,7,1,normal,0,7,0,8,8
270,271,2011,Jaipur,9,10,10,1,normal,0,10,0,6,32
271,272,2011,Chennai,0,1,0,0,normal,0,0,19,0,20
272,273,2011,Mumbai,8,5,5,1,normal,0,8,23,0,40
273,274,2011,Delhi,3,6,6,1,normal,0,6,0,7,9
274,275,2011,Hyderabad,7,1,1,1,normal,0,7,20,0,28
275,276,2011,Chennai,10,0,10,0,normal,0,0,0,8,20
276,277,2011,Mumbai,8,9,9,1,normal,0,8,21,0,5
277,278,2011,Kochi,6,7,7,1,normal,0,6,17,0,22
278,279,2011,Hyderabad,1,3,3,1,normal,0,3,0,4,28
279,280,2011,Bangalore,13,5,5,1,normal,0,13,85,0,17
280,281,2011,Kolkata,0,7,0,0,normal,1,7,10,0,8
281,282,2011,Mumbai,8,3,3,1,normal,0,8,32,0,40
282,283,2011,Bangalore,6,13,6,0,normal,0,13,0,9,17
283,284,2011,Chandigarh,5,9,5,0,normal,0,9,0,5,27
284,285,2011,Jaipur,0,10,10,1,normal,0,0,63,0,32
285,286,2011,Hyderabad,1,9,1,0,normal,0,9,0,6,28
286,287,2011,Chandigarh,5,8,8,1,normal,0,5,76,0,27
287,288,2011,Jaipur,10,13,13,1,normal,0,13,0,9,32
288,289,2011,Chennai,0,3,0,0,normal,0,0,18,0,20
289,290,2011,Indore,6,5,5,1,normal,0,5,0,6,13
290,291,2011,Bangalore,7,13,13,1,normal,1,13,0,4,17
291,292,2011,Mumbai,1,8,1,0,normal,0,1,10,0,40
292,293,2011,Dharamsala,5,3,3,1,normal,0,5,29,0,12
293,294,2011,Indore,10,6,6,1,normal,0,6,0,8,13
294,295,2011,Mumbai,9,1,1,1,normal,0,1,0,6,5
295,296,2011,Dharamsala,5,13,5,0,normal,0,5,111,0,12
296,297,2011,Chennai,0,6,0,0,normal,0,0,11,0,20
297,298,2011,Mumbai,9,7,7,1,normal,0,7,0,7,5
298,299,2011,Mumbai,8,10,8,0,normal,0,10,0,10,40
299,300,2011,Dharamsala,1,5,5,1,normal,0,1,82,0,12
300,301,2011,Delhi,3,9,3,0,no result,0,15,0,0,9
301,302,2011,Bangalore,0,13,13,1,normal,0,13,0,8,17
302,303,2011,Kolkata,7,8,8,1,normal,0,8,0,5,8
303,304,2011,Mumbai,13,0,0,1,normal,0,0,0,6,40
304,305,2011,Mumbai,7,8,8,1,normal,0,8,0,4,40
305,306,2011,Chennai,13,8,8,1,normal,0,13,43,0,20
306,307,2011,Chennai,0,13,0,0,normal,0,0,58,0,20
307,308,2012,Chennai,0,8,8,1,normal,0,8,0,8,20
308,309,2012,Kolkata,7,3,3,1,normal,0,3,0,8,8
309,310,2012,Mumbai,9,8,8,1,normal,0,9,28,0,40
310,311,2012,Jaipur,10,5,5,1,normal,0,10,31,0,32
311,312,2012,Bangalore,13,3,3,1,normal,0,13,20,0,17
312,313,2012,Visakhapatnam,0,1,1,1,normal,0,0,74,0,6
313,314,2012,Jaipur,10,7,7,1,normal,0,10,22,0,32
314,315,2012,Pune,9,5,9,0,normal,0,9,22,0,37
315,316,2012,Visakhapatnam,1,8,1,0,normal,0,8,0,5,6
316,317,2012,Bangalore,7,13,13,1,normal,0,7,42,0,17
317,318,2012,Delhi,0,3,3,1,normal,0,3,0,8,9
318,319,2012,Mumbai,8,10,10,1,normal,0,8,27,0,40
319,320,2012,Chennai,13,0,13,0,normal,0,0,0,5,20
320,321,2012,Chandigarh,9,5,5,1,normal,0,5,0,7,27
321,322,2012,Kolkata,10,7,10,0,normal,0,7,0,5,8
322,323,2012,Delhi,1,3,1,0,normal,0,3,0,5,9
323,324,2012,Pune,0,9,0,0,normal,0,9,0,7,37
324,325,2012,Kolkata,5,7,7,1,normal,0,5,2,0,8
325,326,2012,Bangalore,10,13,10,0,normal,0,10,59,0,17
326,327,2012,Mumbai,8,3,3,1,normal,0,3,0,7,40
327,328,2012,Jaipur,1,10,1,0,normal,0,10,0,5,32
328,329,2012,Bangalore,9,13,9,0,normal,0,13,0,6,17
329,330,2012,Chandigarh,5,7,5,0,normal,0,7,0,8,27
330,331,2012,Hyderabad,1,3,1,0,normal,0,3,0,9,28
331,332,2012,Chennai,0,9,9,1,normal,0,0,13,0,20
332,333,2012,Chandigarh,5,13,13,1,normal,0,13,0,5,27
333,334,2012,Chennai,10,0,10,0,normal,0,0,0,7,20
334,335,2012,Delhi,9,3,3,1,normal,0,9,20,0,9
335,336,2012,Mumbai,8,5,8,0,normal,0,5,0,6,40
336,337,2012,Cuttack,1,7,7,1,normal,0,7,0,5,1
337,338,2012,Jaipur,13,10,10,1,normal,0,13,46,0,32
338,339,2012,Pune,9,3,9,0,normal,0,3,0,8,37
339,340,2012,Chandigarh,5,8,5,0,normal,0,8,0,4,27
340,341,2012,Pune,1,9,1,0,normal,0,1,18,0,37
341,342,2012,Delhi,3,8,8,1,normal,0,3,37,0,9
342,343,2012,Chennai,5,0,5,0,normal,0,5,7,0,20
343,344,2012,Kolkata,7,13,7,0,normal,0,7,47,0,8
344,345,2012,Delhi,3,10,3,0,normal,0,3,1,0,9
345,346,2012,Mumbai,1,8,8,1,normal,0,8,0,5,40
346,347,2012,Chennai,0,7,0,0,normal,0,7,0,5,20
347,348,2012,Cuttack,1,9,1,0,normal,0,1,13,0,1
348,349,2012,Jaipur,10,3,10,0,normal,0,3,0,6,32
349,350,2012,Bangalore,13,5,5,1,normal,0,5,0,4,17
350,351,2012,Pune,8,9,8,0,normal,0,8,1,0,37
351,352,2012,Chennai,0,1,0,0,normal,0,0,10,0,20
352,353,2012,Kolkata,7,9,7,0,normal,0,7,7,0,8
353,354,2012,Chandigarh,10,5,10,0,normal,0,10,43,0,27
354,355,2012,Mumbai,0,8,8,1,normal,0,8,0,2,40
355,356,2012,Bangalore,1,13,13,1,normal,0,13,0,5,17
356,357,2012,Delhi,3,7,3,0,normal,0,7,0,6,9
357,358,2012,Pune,9,10,9,0,normal,0,10,0,7,37
358,359,2012,Hyderabad,5,1,1,1,normal,0,5,25,0,28
359,360,2012,Mumbai,8,13,13,1,normal,0,13,0,9,40
360,361,2012,Jaipur,10,0,0,1,normal,0,0,0,4,32
361,362,2012,Pune,13,9,9,1,normal,0,13,35,0,37
362,363,2012,Kolkata,8,7,8,0,normal,0,8,27,0,8
363,364,2012,Chennai,3,0,0,1,normal,0,0,0,9,20
364,365,2012,Jaipur,10,9,10,0,normal,0,10,45,0,32
365,366,2012,Chandigarh,1,5,1,0,normal,0,5,0,4,27
366,367,2012,Bangalore,13,8,8,1,normal,0,8,0,5,17
367,368,2012,Kolkata,7,0,0,1,normal,0,0,0,5,8
368,369,2012,Delhi,5,3,5,0,normal,0,3,0,5,9
369,370,2012,Mumbai,7,8,8,1,normal,0,7,32,0,40
370,371,2012,Dharamsala,0,5,5,1,normal,0,5,0,6,12
371,372,2012,Delhi,13,3,3,1,normal,0,13,21,0,9
372,373,2012,Hyderabad,10,1,10,0,normal,0,1,0,5,28
373,374,2012,Dharamsala,5,3,3,1,normal,0,3,0,6,12
374,375,2012,Pune,7,9,7,0,normal,0,7,34,0,37
375,376,2012,Hyderabad,1,13,13,1,normal,0,1,9,0,28
376,377,2012,Jaipur,10,8,10,0,normal,0,8,0,10,32
377,378,2012,Pune,7,3,7,0,normal,0,7,18,0,37
378,379,2012,Bangalore,0,8,8,1,normal,0,0,38,0,17
379,380,2012,Chennai,0,3,3,1,normal,0,0,86,0,20
380,381,2012,Chennai,0,7,0,0,normal,0,7,0,5,20
381,382,2013,Kolkata,3,7,7,1,normal,0,7,0,6,8
382,383,2013,Bangalore,13,8,8,1,normal,0,13,2,0,17
383,384,2013,Hyderabad,14,9,9,1,normal,0,14,22,0,28
384,385,2013,Delhi,10,3,10,0,normal,0,10,5,0,9
385,386,2013,Chennai,8,0,8,0,normal,0,8,9,0,20
386,387,2013,Pune,9,5,9,0,normal,0,5,0,8,37
387,388,2013,Hyderabad,13,14,13,0,tie,0,14,0,0,28
388,389,2013,Jaipur,10,7,7,1,normal,0,10,19,0,32
389,390,2013,Mumbai,8,3,8,0,normal,0,8,44,0,40
390,391,2013,Chandigarh,5,0,0,1,normal,0,0,0,10,27
391,392,2013,Bangalore,7,13,13,1,normal,0,13,0,8,17
392,393,2013,Pune,10,9,10,0,normal,0,9,0,7,37
393,394,2013,Delhi,3,14,3,0,normal,0,14,0,3,9
394,395,2013,Mumbai,8,9,8,0,normal,0,8,41,0,40
395,396,2013,Chennai,13,0,0,1,normal,0,0,0,4,20
396,397,2013,Kolkata,7,14,7,0,normal,0,7,48,0,8
397,398,2013,Jaipur,5,10,10,1,normal,0,10,0,6,32
398,399,2013,Chennai,9,0,9,0,normal,0,9,24,0,20
399,400,2013,Chandigarh,5,7,7,1,normal,0,5,4,0,27
400,401,2013,Bangalore,3,13,13,1,tie,0,13,0,0,17
401,402,2013,Pune,14,9,9,1,normal,0,14,11,0,37
402,403,2013,Jaipur,10,8,10,0,normal,0,10,87,0,32
403,404,2013,Delhi,0,3,0,0,normal,0,0,86,0,9
404,405,2013,Hyderabad,5,14,5,0,normal,0,14,0,5,28
405,406,2013,Kolkata,7,0,7,0,normal,0,0,0,4,8
406,407,2013,Bangalore,10,13,13,1,normal,0,13,0,7,17
407,408,2013,Delhi,8,3,8,0,normal,0,3,0,9,9
408,409,2013,Chandigarh,9,5,5,1,normal,0,5,0,7,27
409,410,2013,Chennai,10,0,10,0,normal,0,0,0,5,20
410,411,2013,Bangalore,13,9,9,1,normal,0,13,130,0,17
411,412,2013,Dharamsala,5,3,3,1,normal,0,5,7,0,12
412,413,2013,Kolkata,7,8,7,0,normal,0,8,0,5,8
413,414,2013,Chennai,14,0,14,0,normal,0,0,0,5,20
414,415,2013,Kolkata,5,7,5,0,normal,0,7,0,6,8
415,416,2013,Jaipur,14,10,14,0,normal,0,10,0,8,32
416,417,2013,Mumbai,8,13,8,0,normal,0,8,58,0,40
417,418,2013,Chennai,0,7,7,1,normal,0,0,14,0,20
418,419,2013,Raipur,3,9,9,1,normal,0,3,15,0,33
419,420,2013,Jaipur,13,10,10,1,normal,0,10,0,4,32
420,421,2013,Mumbai,8,5,8,0,normal,0,8,4,0,40
421,422,2013,Pune,0,9,0,0,normal,0,0,37,0,37
422,423,2013,Hyderabad,8,14,8,0,normal,0,14,0,7,28
423,424,2013,Raipur,7,3,7,0,normal,0,3,0,7,33
424,425,2013,Chennai,0,5,0,0,normal,0,0,15,0,20
425,426,2013,Pune,13,9,13,0,normal,0,13,17,0,37
426,427,2013,Kolkata,10,7,10,0,normal,0,7,0,8,8
427,428,2013,Hyderabad,3,14,3,0,normal,0,14,0,6,28
428,429,2013,Bangalore,13,5,5,1,normal,0,5,0,7,17
429,430,2013,Mumbai,8,0,8,0,normal,0,8,60,0,40
430,431,2013,Jaipur,9,10,9,0,normal,0,10,0,5,32
431,432,2013,Bangalore,14,13,14,0,normal,0,13,0,7,17
432,433,2013,Jaipur,3,10,3,0,normal,0,10,0,9,32
433,434,2013,Mumbai,8,7,8,0,normal,0,8,65,0,40
434,435,2013,Hyderabad,0,14,14,1,normal,0,0,77,0,28
435,436,2013,Chandigarh,5,10,10,1,normal,0,10,0,8,27
436,437,2013,Pune,7,9,7,0,normal,0,7,46,0,37
437,438,2013,Delhi,13,3,3,1,normal,0,13,4,0,9
438,439,2013,Pune,9,8,9,0,normal,0,8,0,5,37
439,440,2013,Chandigarh,14,5,5,1,normal,0,14,30,0,27
440,441,2013,Ranchi,13,7,7,1,normal,0,7,0,5,15
441,442,2013,Jaipur,0,10,10,1,normal,0,10,0,5,32
442,443,2013,Delhi,3,5,5,1,normal,0,5,0,5,9
443,444,2013,Mumbai,14,8,14,0,normal,0,8,0,7,40
444,445,2013,Ranchi,9,7,7,1,normal,0,9,7,0,15
445,446,2013,Chennai,0,3,0,0,normal,0,0,33,0,20
446,447,2013,Mumbai,8,10,10,1,normal,0,8,14,0,40
447,448,2013,Chandigarh,13,5,5,1,normal,0,5,0,6,27
448,449,2013,Hyderabad,14,10,14,0,normal,0,14,23,0,28
449,450,2013,Dharamsala,5,8,8,1,normal,0,5,50,0,12
450,451,2013,Pune,9,3,9,0,normal,0,9,38,0,37
451,452,2013,Bangalore,13,0,0,1,normal,0,13,24,0,17
452,453,2013,Hyderabad,7,14,7,0,normal,0,14,0,5,28
453,454,2013,Delhi,0,8,0,0,normal,0,0,48,0,9
454,455,2013,Delhi,14,10,14,0,normal,0,10,0,4,9
455,456,2013,Kolkata,10,8,10,0,normal,0,8,0,4,8
456,457,2013,Kolkata,8,0,8,0,normal,0,8,23,0,8
457,458,2014,Abu Dhabi,7,8,7,0,normal,0,7,41,0,35
458,459,2014,Sharjah,3,13,13,1,normal,0,13,0,8,34
459,460,2014,Abu Dhabi,0,5,0,0,normal,0,5,0,6,35
460,461,2014,Abu Dhabi,14,10,10,1,normal,0,10,0,4,35
461,462,2014,,8,13,13,1,normal,0,13,0,7,7
462,463,2014,,7,3,7,0,normal,0,3,0,4,7
463,464,2014,Sharjah,10,5,5,1,normal,0,5,0,7,34
464,465,2014,Abu Dhabi,0,3,0,0,normal,0,0,93,0,35
465,466,2014,Sharjah,5,14,14,1,normal,0,5,72,0,34
466,467,2014,,0,10,10,1,normal,0,0,7,0,7
467,468,2014,Sharjah,7,13,13,1,normal,0,7,2,0,34
468,469,2014,,14,3,14,0,normal,0,14,4,0,7
469,470,2014,,8,0,8,0,normal,0,0,0,7,7
470,471,2014,Abu Dhabi,13,10,10,1,normal,0,10,0,6,35
471,472,2014,Abu Dhabi,5,7,7,1,normal,0,5,23,0,35
472,473,2014,Sharjah,8,3,8,0,normal,0,3,0,6,34
473,474,2014,Sharjah,14,0,14,0,normal,0,0,0,5,34
474,475,2014,,13,5,5,1,normal,0,5,0,5,7
475,476,2014,Abu Dhabi,10,7,10,0,tie,0,10,0,0,35
476,477,2014,,14,8,8,1,normal,0,14,15,0,7
477,478,2014,Ranchi,0,7,0,0,normal,0,0,34,0,15
478,479,2014,Mumbai,5,8,5,0,normal,0,8,0,5,40
479,480,2014,Delhi,3,10,10,1,normal,0,10,0,7,9
480,481,2014,Bangalore,14,13,13,1,normal,0,13,0,4,17
481,482,2014,Ahmedabad,10,7,7,1,normal,0,10,10,0,30
482,483,2014,Delhi,3,0,0,1,normal,0,0,0,8,9
483,484,2014,Mumbai,8,13,13,1,normal,0,8,19,0,40
484,485,2014,Delhi,3,7,3,0,normal,0,7,0,8,9
485,486,2014,Cuttack,5,0,0,1,normal,0,5,44,0,1
486,487,2014,Ahmedabad,14,10,10,1,normal,0,14,32,0,30
487,488,2014,Bangalore,5,13,13,1,normal,0,5,32,0,17
488,489,2014,Delhi,3,14,14,1,normal,1,14,0,8,9
489,490,2014,Mumbai,8,0,0,1,normal,0,0,0,4,40
490,491,2014,Cuttack,5,7,7,1,normal,0,7,0,9,1
491,492,2014,Bangalore,13,10,13,0,normal,0,10,0,5,17
492,493,2014,Hyderabad,14,8,14,0,normal,0,8,0,7,28
493,494,2014,Ranchi,10,0,10,0,normal,0,0,0,5,15
494,495,2014,Bangalore,13,3,3,1,normal,0,13,16,0,17
495,496,2014,Hyderabad,14,5,5,1,normal,0,5,0,6,28
496,497,2014,Cuttack,8,7,7,1,normal,0,7,0,6,1
497,498,2014,Ahmedabad,10,3,3,1,normal,0,10,62,0,30
498,499,2014,Ranchi,0,13,0,0,normal,0,13,0,5,15
499,500,2014,Hyderabad,14,7,14,0,normal,0,7,0,7,28
500,501,2014,Ahmedabad,8,10,8,0,normal,0,8,25,0,30
501,502,2014,Delhi,3,5,5,1,normal,0,5,0,4,9
502,503,2014,Hyderabad,13,14,13,0,normal,0,14,0,7,28
503,504,2014,Kolkata,0,7,7,1,normal,0,7,0,8,8
504,505,2014,Chandigarh,5,8,8,1,normal,0,8,0,7,27
505,506,2014,Kolkata,7,13,13,1,normal,0,7,30,0,8
506,507,2014,Ranchi,0,14,14,1,normal,0,14,0,6,15
507,508,2014,Mumbai,8,3,3,1,normal,0,8,15,0,40
508,509,2014,Chandigarh,5,10,10,1,normal,0,5,16,0,27
509,510,2014,Bangalore,13,0,0,1,normal,0,0,0,8,17
510,511,2014,Kolkata,14,7,7,1,normal,0,7,0,4,8
511,512,2014,Chandigarh,3,5,5,1,normal,0,5,0,7,27
512,513,2014,Mumbai,10,8,8,1,normal,0,8,0,5,40
513,514,2014,Kolkata,7,5,5,1,normal,0,7,28,0,8
514,515,2014,Mumbai,8,0,0,1,normal,0,0,0,7,2
515,516,2014,Mumbai,5,0,0,1,normal,0,5,24,0,40
516,517,2014,Bangalore,5,7,7,1,normal,0,7,0,3,17
517,518,2015,Kolkata,8,7,7,1,normal,0,7,0,7,8
518,519,2015,Chennai,0,3,3,1,normal,0,0,1,0,20
519,520,2015,Pune,10,5,5,1,normal,0,10,26,0,21
520,521,2015,Chennai,0,14,0,0,normal,0,0,45,0,20
521,522,2015,Kolkata,7,13,13,1,normal,0,13,0,3,8
522,523,2015,Delhi,3,10,10,1,normal,0,10,0,3,9
523,524,2015,Mumbai,5,8,8,1,normal,0,5,18,0,40
524,525,2015,Bangalore,13,14,14,1,normal,0,14,0,8,17
525,526,2015,Ahmedabad,8,10,8,0,normal,0,10,0,7,30
526,527,2015,Kolkata,0,7,7,1,normal,0,7,0,7,8
527,528,2015,Pune,5,3,5,0,normal,0,3,0,5,21
528,529,2015,Visakhapatnam,14,10,10,1,normal,0,10,0,6,6
529,530,2015,Mumbai,8,0,8,0,normal,0,0,0,6,40
530,531,2015,Visakhapatnam,3,14,3,0,normal,0,3,4,0,6
531,532,2015,Pune,5,7,7,1,normal,0,7,0,4,21
532,533,2015,Ahmedabad,0,10,0,0,normal,0,10,0,8,30
533,534,2015,Bangalore,8,13,13,1,normal,0,8,18,0,17
534,535,2015,Delhi,3,7,7,1,normal,0,7,0,6,9
535,536,2015,Ahmedabad,10,5,5,1,tie,0,5,0,0,30
536,537,2015,Visakhapatnam,14,7,7,1,normal,1,14,16,0,6
537,538,2015,Bangalore,0,13,13,1,normal,0,0,27,0,17
538,539,2015,Delhi,3,8,8,1,normal,0,3,37,0,9
539,540,2015,Ahmedabad,10,13,13,1,normal,0,13,0,9,30
540,541,2015,Mumbai,8,14,8,0,normal,0,8,20,0,40
541,542,2015,Chennai,0,5,0,0,normal,0,0,97,0,20
542,543,2015,Delhi,3,13,13,1,normal,0,13,0,10,9
543,544,2015,Chandigarh,14,5,5,1,normal,0,14,20,0,27
544,545,2015,Kolkata,7,3,7,0,normal,0,7,13,0,8
545,546,2015,Bangalore,13,10,10,1,no result,0,15,0,0,17
546,547,2015,Chennai,0,7,7,1,normal,0,0,2,0,20
547,548,2015,Delhi,5,3,3,1,normal,0,3,0,9,9
548,549,2015,Mumbai,8,10,10,1,normal,0,8,8,0,40
549,550,2015,Bangalore,7,13,13,1,normal,0,13,0,7,17
550,551,2015,Hyderabad,14,0,0,1,normal,0,14,22,0,28
551,552,2015,Chandigarh,8,5,8,0,normal,0,8,23,0,27
552,553,2015,Mumbai,10,3,3,1,normal,0,10,14,0,2
553,554,2015,Chennai,0,13,0,0,normal,0,0,24,0,20
554,555,2015,Kolkata,7,14,14,1,normal,0,7,35,0,8
555,556,2015,Mumbai,3,8,3,0,normal,0,8,0,5,40
556,557,2015,Bangalore,13,5,5,1,normal,0,13,138,0,17
557,558,2015,Mumbai,14,10,10,1,normal,0,14,7,0,2
558,559,2015,Chennai,0,8,0,0,normal,0,8,0,6,20
559,560,2015,Kolkata,5,7,5,0,normal,0,7,0,1,8
560,561,2015,Raipur,14,3,14,0,normal,0,14,6,0,33
561,562,2015,Mumbai,13,8,13,0,normal,0,13,39,0,40
562,563,2015,Chennai,0,10,0,0,normal,0,0,12,0,20
563,564,2015,Hyderabad,14,5,14,0,normal,0,14,5,0,28
564,565,2015,Raipur,0,3,0,0,normal,0,3,0,6,33
565,566,2015,Chandigarh,5,13,13,1,normal,0,5,22,0,27
566,567,2015,Mumbai,8,7,7,1,normal,0,8,5,0,40
567,568,2015,Hyderabad,14,13,14,0,normal,1,13,0,6,28
568,569,2015,Chandigarh,5,0,5,0,normal,0,0,0,7,27
569,570,2015,Mumbai,10,7,10,0,normal,0,10,9,0,2
570,571,2015,Bangalore,3,13,13,1,no result,0,15,0,0,17
571,572,2015,Hyderabad,14,8,14,0,normal,0,8,0,9,28
572,573,2015,Mumbai,8,0,8,0,normal,0,8,25,0,40
573,574,2015,Pune,13,10,13,0,normal,0,13,71,0,21
574,575,2015,Ranchi,13,0,0,1,normal,0,0,0,3,15
575,576,2015,Kolkata,8,0,0,1,normal,0,8,41,0,8
576,577,2016,Mumbai,8,12,8,0,normal,0,12,0,9,40
577,578,2016,Kolkata,3,7,7,1,normal,0,7,0,9,8
578,579,2016,Chandigarh,5,4,4,1,normal,0,4,0,5,26
579,580,2016,Bangalore,13,14,14,1,normal,0,13,45,0,17
580,581,2016,Kolkata,7,8,8,1,normal,0,8,0,6,8
581,582,2016,Rajkot,12,4,12,0,normal,0,4,0,7,31
582,583,2016,Delhi,5,3,3,1,normal,0,3,0,8,9
583,584,2016,Hyderabad,14,7,14,0,normal,0,7,0,8,28
584,585,2016,Mumbai,8,4,4,1,normal,0,4,0,3,40
585,586,2016,Chandigarh,12,5,12,0,normal,0,5,0,6,26
586,587,2016,Bangalore,13,3,3,1,normal,0,3,0,7,17
587,588,2016,Hyderabad,8,14,14,1,normal,0,14,0,7,28
588,589,2016,Chandigarh,5,7,7,1,normal,0,7,0,6,26
589,590,2016,Mumbai,13,8,8,1,normal,0,8,0,6,40
590,591,2016,Rajkot,4,14,14,1,normal,0,14,0,10,31
591,592,2016,Pune,13,12,12,1,normal,0,13,13,0,21
592,593,2016,Delhi,3,8,8,1,normal,0,3,10,0,9
593,594,2016,Hyderabad,5,14,14,1,normal,0,14,0,5,28
594,595,2016,Rajkot,13,4,13,0,normal,0,4,0,6,31
595,596,2016,Pune,12,7,7,1,normal,0,7,0,2,21
596,597,2016,Chandigarh,8,5,5,1,normal,0,8,25,0,26
597,598,2016,Hyderabad,14,12,12,1,normal,1,12,34,0,28
598,599,2016,Delhi,4,3,3,1,normal,0,4,1,0,9
599,600,2016,Mumbai,7,8,8,1,normal,0,8,0,6,40
600,601,2016,Pune,12,4,4,1,normal,0,4,0,3,21
601,602,2016,Delhi,3,7,7,1,normal,0,3,27,0,9
602,603,2016,Hyderabad,14,13,13,1,normal,0,14,15,0,28
603,604,2016,Rajkot,5,4,4,1,normal,0,5,23,0,31
604,605,2016,Pune,12,8,8,1,normal,0,8,0,8,21
605,606,2016,Bangalore,13,7,7,1,normal,0,7,0,5,17
606,607,2016,Rajkot,4,3,3,1,normal,0,3,0,8,31
607,608,2016,Kolkata,7,5,5,1,normal,0,7,7,0,8
608,609,2016,Delhi,3,12,12,1,normal,0,12,0,7,9
609,610,2016,Hyderabad,4,14,14,1,normal,0,14,0,5,28
610,611,2016,Bangalore,12,13,13,1,normal,0,13,0,7,17
611,612,2016,Chandigarh,5,3,3,1,normal,0,5,9,0,26
612,613,2016,Visakhapatnam,14,8,8,1,normal,0,14,85,0,6
613,614,2016,Kolkata,7,4,4,1,normal,0,4,0,5,8
614,615,2016,Chandigarh,13,5,5,1,normal,0,13,1,0,26
615,616,2016,Visakhapatnam,14,12,14,0,normal,0,14,4,0,6
616,617,2016,Bangalore,13,8,8,1,normal,0,8,0,6,17
617,618,2016,Hyderabad,14,3,3,1,normal,0,3,0,7,28
618,619,2016,Visakhapatnam,8,5,8,0,normal,0,5,0,7,6
619,620,2016,Bangalore,13,4,4,1,normal,0,13,144,0,17
620,621,2016,Kolkata,12,7,12,0,normal,1,7,0,8,8
621,622,2016,Chandigarh,5,14,5,0,normal,0,14,0,7,26
622,623,2016,Visakhapatnam,8,3,3,1,normal,0,8,80,0,6
623,624,2016,Kolkata,7,13,13,1,normal,0,13,0,9,8
624,625,2016,Visakhapatnam,3,12,12,1,normal,1,12,19,0,6
625,626,2016,Bangalore,13,5,5,1,normal,1,13,82,0,17
626,627,2016,Kanpur,7,4,4,1,normal,0,4,0,6,11
627,628,2016,Raipur,14,3,3,1,normal,0,3,0,6,33
628,629,2016,Visakhapatnam,5,12,5,0,normal,0,12,0,4,6
629,630,2016,Kanpur,8,4,4,1,normal,0,4,0,6,11
630,631,2016,Kolkata,7,14,14,1,normal,0,7,22,0,8
631,632,2016,Raipur,3,13,13,1,normal,0,13,0,6,33
632,633,2016,Bangalore,4,13,13,1,normal,0,13,0,4,17
633,634,2016,Delhi,14,7,7,1,normal,0,14,22,0,9
634,635,2016,Delhi,4,14,14,1,normal,0,14,0,4,9
635,636,2016,Bangalore,14,13,14,0,normal,0,14,8,0,17
636,7894,2018,Mumbai,8,0,0,1,normal,0,0,0,1,40
637,7895,2018,Mohali,3,5,5,1,normal,0,5,0,6,26
638,7896,2018,Kolkata,13,7,7,1,normal,0,7,0,4,8
639,7897,2018,Hyderabad,10,14,14,1,normal,0,14,0,9,28
640,7898,2018,Chennai,7,0,0,1,normal,0,0,0,5,20
641,7899,2018,Jaipur,10,3,3,1,normal,1,10,10,0,32
642,7900,2018,Hyderabad,8,14,14,1,normal,0,14,0,1,28
643,7901,2018,Bengaluru,5,13,13,1,normal,0,13,0,4,17
644,7902,2018,Mumbai,8,3,3,1,normal,0,3,0,7,40
645,7903,2018,Kolkata,7,14,14,1,normal,0,14,0,5,8
646,7904,2018,Bengaluru,10,13,13,1,normal,0,10,19,0,17
647,7905,2018,Mohali,5,0,0,1,normal,0,5,4,0,26
648,7906,2018,Kolkata,7,3,3,1,normal,0,7,71,0,8
649,7907,2018,Mumbai,8,13,13,1,normal,0,8,46,0,40
650,7908,2018,Jaipur,10,7,7,1,normal,0,7,0,7,32
651,7909,2018,Mohali,5,14,5,0,normal,0,5,15,0,26
652,7910,2018,Pune,0,10,10,1,normal,0,0,64,0,21
653,7911,2018,Kolkata,7,5,5,1,normal,1,5,0,9,8
654,7912,2018,Bengaluru,3,13,13,1,normal,0,13,0,6,17
655,7913,2018,Hyderabad,0,14,14,1,normal,0,0,4,0,28
656,7914,2018,Jaipur,8,10,8,0,normal,0,10,0,3,32
657,7915,2018,Delhi,5,3,3,1,normal,0,5,4,0,9
658,7916,2018,Mumbai,14,8,8,1,normal,0,14,31,0,40
659,7917,2018,Bengaluru,13,0,0,1,normal,0,0,0,5,17
660,7918,2018,Hyderabad,14,5,5,1,normal,0,14,13,0,28
661,7919,2018,Delhi,3,7,7,1,normal,0,3,55,0,9
662,7920,2018,Pune,0,8,8,1,normal,0,8,0,8,21
663,7921,2018,Jaipur,14,10,14,0,normal,0,14,11,0,32
664,7922,2018,Bengaluru,13,7,7,1,normal,0,7,0,6,17
665,7923,2018,Pune,0,3,3,1,normal,0,0,13,0,21
666,7924,2018,Bengaluru,13,8,8,1,normal,0,13,14,0,17
667,7925,2018,Delhi,3,10,10,1,normal,1,3,4,0,9
668,7926,2018,Kolkata,0,7,7,1,normal,0,7,0,6,8
669,7927,2018,Indore,5,8,8,1,normal,0,8,0,6,13
670,7928,2018,Pune,13,0,0,1,normal,0,0,0,6,21
671,7929,2018,Hyderabad,3,14,3,0,normal,0,14,0,7,28
672,7930,2018,Mumbai,8,7,7,1,normal,0,8,13,0,40
673,7931,2018,Indore,10,5,5,1,normal,0,5,0,6,13
674,7932,2018,Hyderabad,14,13,13,1,normal,0,14,5,0,28
675,7933,2018,Jaipur,10,5,10,0,normal,0,10,15,0,32
676,7934,2018,Kolkata,8,7,7,1,normal,0,8,102,0,8
677,7935,2018,Delhi,3,14,3,0,normal,0,14,0,9,9
678,7936,2018,Jaipur,0,10,0,0,normal,0,10,0,4,32
679,7937,2018,Indore,7,5,5,1,normal,0,7,31,0,13
680,7938,2018,Delhi,3,13,13,1,normal,0,13,0,5,9
681,7939,2018,Pune,14,0,0,1,normal,0,0,0,8,21
682,7940,2018,Mumbai,8,10,10,1,normal,0,10,0,7,40
683,7941,2018,Indore,5,13,13,1,normal,0,13,0,10,13
684,7942,2018,Kolkata,10,7,7,1,normal,0,7,0,6,8
685,7943,2018,Mumbai,8,5,5,1,normal,0,8,3,0,40
686,7944,2018,Bengaluru,13,14,14,1,normal,0,13,14,0,17
687,7945,2018,Delhi,3,0,0,1,normal,0,3,34,0,9
688,7946,2018,Jaipur,10,13,10,0,normal,0,10,30,0,32
689,7947,2018,Hyderabad,14,7,14,0,normal,0,7,0,5,28
690,7948,2018,Delhi,3,8,3,0,normal,0,3,11,0,9
691,7949,2018,Pune,5,0,0,1,normal,0,0,0,5,21
692,7950,2018,Mumbai,14,0,0,1,normal,0,0,0,2,40
693,7951,2018,Kolkata,7,10,10,1,normal,0,7,25,0,8
694,7952,2018,Kolkata,14,7,7,1,normal,0,14,14,0,8
695,7953,2018,Mumbai,14,0,0,1,normal,0,0,0,8,40
696,11137,2019,Chennai,13,0,0,1,normal,0,0,0,7,18
697,11138,2019,Kolkata,14,7,7,1,normal,0,7,0,6,8
698,11139,2019,Mumbai,2,8,8,1,normal,0,2,37,0,40
699,11140,2019,Jaipur,5,10,10,1,normal,0,5,14,0,32
700,11141,2019,Delhi,2,0,2,0,normal,0,0,0,6,10
701,11142,2019,Kolkata,7,5,5,1,normal,0,7,28,0,8
702,11143,2019,Bengaluru,8,13,13,1,normal,0,8,6,0,19
703,11144,2019,Hyderabad,10,14,10,0,normal,0,14,0,5,29
704,11145,2019,Mohali,8,5,5,1,normal,0,5,0,8,14
705,11146,2019,Delhi,7,2,2,1,tie,0,2,0,0,10
706,11147,2019,Hyderabad,14,13,13,1,normal,0,14,118,0,29
707,11148,2019,Chennai,0,10,10,1,normal,0,0,8,0,18
708,11149,2019,Mohali,5,2,2,1,normal,0,5,14,0,14
709,11150,2019,Jaipur,13,10,10,1,normal,0,10,0,7,32
710,11151,2019,Mumbai,8,0,0,1,normal,0,8,37,0,40
711,11152,2019,Delhi,2,14,14,1,normal,0,14,0,5,10
712,11153,2019,Bengaluru,13,7,7,1,normal,0,7,0,5,19
713,11309,2019,Chennai,0,5,0,0,normal,0,0,22,0,18
714,11310,2019,Hyderabad,8,14,14,1,normal,0,8,40,0,29
715,11311,2019,Bengaluru,13,2,2,1,normal,0,2,0,4,19
716,11312,2019,Jaipur,10,7,7,1,normal,0,7,0,8,32
717,11313,2019,Mohali,14,5,5,1,normal,0,5,0,6,14
718,11314,2019,Chennai,7,0,0,1,normal,0,0,0,7,18
719,11315,2019,Mumbai,5,8,8,1,normal,0,8,0,3,40
720,11316,2019,Jaipur,10,0,0,1,normal,0,0,0,4,32
721,11317,2019,Kolkata,7,2,2,1,normal,0,2,0,7,8
722,11318,2019,Mumbai,8,10,10,1,normal,0,10,0,4,40
723,11319,2019,Mohali,5,13,13,1,normal,0,13,0,8,14
724,11320,2019,Kolkata,7,0,0,1,normal,0,0,0,5,8
725,11321,2019,Hyderabad,2,14,14,1,normal,0,2,39,0,29
726,11322,2019,Mumbai,13,8,8,1,normal,0,8,0,5,40
727,11323,2019,Mohali,5,10,10,1,normal,0,5,12,0,14
728,11324,2019,Hyderabad,0,14,0,0,normal,0,14,0,6,29
729,11325,2019,Delhi,8,2,8,0,normal,0,8,40,0,10
730,11326,2019,Kolkata,13,7,7,1,normal,0,13,10,0,8
731,11327,2019,Jaipur,8,10,10,1,normal,0,10,0,5,32
732,11328,2019,Delhi,5,2,2,1,normal,0,2,0,5,10
733,11329,2019,Hyderabad,7,14,14,1,normal,0,14,0,9,29
734,11330,2019,Bengaluru,13,0,0,1,normal,0,13,1,0,19
735,11331,2019,Jaipur,10,2,2,1,normal,0,2,0,6,32
736,11332,2019,Chennai,14,0,0,1,normal,0,0,0,6,18
737,11333,2019,Bengaluru,13,5,5,1,normal,0,13,17,0,19
738,11334,2019,Kolkata,7,10,10,1,normal,0,10,0,3,8
739,11335,2019,Chennai,8,0,0,1,normal,0,8,46,0,18
740,11336,2019,Jaipur,14,10,10,1,normal,0,10,0,7,32
741,11337,2019,Delhi,2,13,2,0,normal,0,2,16,0,10
742,11338,2019,Kolkata,7,8,8,1,normal,0,7,34,0,8
743,11339,2019,Hyderabad,14,5,5,1,normal,0,14,45,0,29
744,11340,2019,Bengaluru,13,10,10,1,no result,0,15,0,0,19
745,11341,2019,Chennai,0,2,2,1,normal,0,0,80,0,18
746,11342,2019,Mumbai,8,14,8,0,tie,0,8,0,0,40
747,11343,2019,Mohali,5,7,7,1,normal,0,7,0,7,14
748,11344,2019,Delhi,10,2,10,0,normal,0,2,0,5,10
749,11345,2019,Bengaluru,14,13,13,1,normal,0,13,0,4,19
750,11346,2019,Mohali,0,5,5,1,normal,0,5,0,6,14
751,11347,2019,Mumbai,7,8,8,1,normal,0,8,0,9,40
752,11412,2019,Chennai,0,8,0,0,normal,0,8,0,6,18
753,11413,2019,Visakhapatnam,14,2,2,1,normal,0,2,0,2,0
754,11414,2019,Visakhapatnam,2,0,0,1,normal,0,0,0,6,0
755,11415,2019,Hyderabad,8,0,8,0,normal,0,8,1,0,29
